Segment,Count,Percentage,Avg_Recency,Avg_Frequency,Avg_Monetary,Total_Value,Recommendation
At-Risk Customers,789,49.62264150943396,28.719898605830164,26.14575411913815,13887.204499366288,10957004.350000001,"Re-engagement campaigns, special offers"
New Customers,494,31.069182389937104,49.80566801619433,7.206477732793522,2433.8257692307698,1202309.9300000002,"Welcome series, first purchase discount"
Loyal Customers,226,14.213836477987421,207.89380530973452,5.482300884955753,1656.0888053097342,374276.06999999995,"Loyalty program rewards, referral bonuses"
VIP Customers,81,5.09433962264151,513.4567901234568,4.012345679012346,1344.5875308641976,108911.59,"Offer exclusive benefits, early access to new products"
